{
    "Arthedain": [
        78.5343113218071,
        -108.14941406250001
    ],
    "Bree": [
        78.63000556774836,
        -107.35839843750001
    ],
    "Rhudaur": [
        79.24538842837468,
        -101.73339843750001
    ],
    "Rivendell": [
        79.38390485685704,
        -100.76660156250001
    ]
}
